<?xml version="1.0" encoding="UTF-8"?>
<configuration xmlns="http://www.jooq.org/xsd/jooq-codegen-3.15.0.xsd">
   <!-- Configure the database connection here. -->
   <jdbc>
      <driver>com.mysql.cj.jdbc.Driver</driver>
      <url>jdbc:mysql://localhost:3306/classicmodels?createDatabaseIfNotExist=true</url>
      <user>root</user>
      <password>root</password>
   </jdbc>
   <generator>
      <!-- The default code generator. 
           You can override this one, to generate your own code style.
                                     
           Supported generators:                                
           - org.jooq.codegen.JavaGenerator
           - org.jooq.codegen.ScalaGenerator
           - org.jooq.codegen.KotlinGenerator
                               
           Defaults to org.jooq.codegen.JavaGenerator -->
      <name>org.jooq.codegen.JavaGenerator</name>
        
      <database>                            
         <!-- The database type. The format here is:
         org.jooq.meta.[database].[database]Database -->
         <name>org.jooq.meta.mysql.MySQLDatabase</name>
            
         <!-- The database schema (or in the absence of schema support, in your RDBMS this
         can be the owner, user, database name) to be generated. This cannot be combined with the <schemata/> element.                                     
         If <inputSchema/> is missing then all schemas will be considered. -->
         <inputSchema>classicmodels</inputSchema>                 
            
         <!-- All elements that are generated from your schema
        (A Java regular expression. Use the pipe to separate several expressions)
         Watch out for case-sensitivity. Depending on your database, this might be important! 
         You can create case-insensitive regular expressions using this syntax: (?i:expr).
         Whitespace is ignored and comments are possible. -->       
         <includes>.*</includes>
            
         <!-- Schema version provider -->            
         <schemaVersionProvider>SELECT MAX(`version`) FROM `flyway_schema_history`</schemaVersionProvider>
            
         <!-- All elements that are excluded from your schema
         (A Java regular expression. Use the pipe to separate several expressions).
          Excludes match before includes, i.e. excludes have a higher priority. -->
          <excludes>
              flyway_schema_history | sequences 
            | customer_pgs | refresh_top3_product
            | sale_.* | set_.* | get_.* | .*_master
          </excludes>
                                    
          <!-- Give enough time to jOOQ to trigger the queries needed for generating sources 
          (default is 5 seconds) -->
          <logSlowQueriesAfterSeconds>20</logSlowQueriesAfterSeconds>
      </database>
      <target>
          <!-- The destination package of your generated classes (within the destination directory).
           jOOQ may append the schema name to this package if generating multiple schemas,
           e.g. org.jooq.your.packagename.schema1
           org.jooq.your.packagename.schema2 -->                                    
           <packageName>jooq.generated</packageName>
           <!-- The destination directory of your generated classes. Using Maven directory layout here -->
           <directory>./jooq/generated-sources</directory>
      </target>
   </generator>
</configuration>